Tanggal,Nilai,Jenis,Kategori,Model
2023-01-08,1.0,Aktual,Aksesoris,Aktual (Raw)
2023-01-22,24.5,Aktual,Aksesoris,Aktual (Raw)
2023-02-05,49.0,Aktual,Aksesoris,Aktual (Raw)
2023-02-19,70.33333333333333,Aktual,Aksesoris,Aktual (Raw)
2023-03-05,96.0,Aktual,Aksesoris,Aktual (Raw)
2023-03-19,70.33333333333333,Aktual,Aksesoris,Aktual (Raw)
2023-04-02,56.0,Aktual,Aksesoris,Aktual (Raw)
2023-04-16,66.33333333333333,Aktual,Aksesoris,Aktual (Raw)
2023-04-30,65.0,Aktual,Aksesoris,Aktual (Raw)
2023-05-14,77.0,Aktual,Aksesoris,Aktual (Raw)
2023-05-28,38.0,Aktual,Aksesoris,Aktual (Raw)
2023-06-11,77.33333333333333,Aktual,Aksesoris,Aktual (Raw)
2023-06-25,79.0,Aktual,Aksesoris,Aktual (Raw)
2023-07-09,128.66666666666666,Aktual,Aksesoris,Aktual (Raw)
2023-07-23,148.66666666666666,Aktual,Aksesoris,Aktual (Raw)
2023-08-06,163.66666666666666,Aktual,Aksesoris,Aktual (Raw)
2023-08-20,117.0,Aktual,Aksesoris,Aktual (Raw)
2023-09-03,56.0,Aktual,Aksesoris,Aktual (Raw)
2023-09-17,41.333333333333336,Aktual,Aksesoris,Aktual (Raw)
2023-10-01,54.666666666666664,Aktual,Aksesoris,Aktual (Raw)
2023-10-15,60.0,Aktual,Aksesoris,Aktual (Raw)
2023-10-29,42.0,Aktual,Aksesoris,Aktual (Raw)
2023-11-12,25.666666666666668,Aktual,Aksesoris,Aktual (Raw)
2023-11-26,68.0,Aktual,Aksesoris,Aktual (Raw)
2023-12-10,101.0,Aktual,Aksesoris,Aktual (Raw)
2023-12-24,99.0,Aktual,Aksesoris,Aktual (Raw)
2024-01-07,65.0,Aktual,Aksesoris,Aktual (Raw)
2024-01-21,55.333333333333336,Aktual,Aksesoris,Aktual (Raw)
2024-02-04,62.666666666666664,Aktual,Aksesoris,Aktual (Raw)
2024-02-18,62.666666666666664,Aktual,Aksesoris,Aktual (Raw)
2024-03-03,95.0,Aktual,Aksesoris,Aktual (Raw)
2024-03-17,144.0,Aktual,Aksesoris,Aktual (Raw)
2024-03-31,157.0,Aktual,Aksesoris,Aktual (Raw)
2024-04-14,102.33333333333333,Aktual,Aksesoris,Aktual (Raw)
2024-04-28,36.666666666666664,Aktual,Aksesoris,Aktual (Raw)
2024-05-12,12.666666666666666,Aktual,Aksesoris,Aktual (Raw)
2024-05-26,33.0,Aktual,Aksesoris,Aktual (Raw)
2024-06-09,87.66666666666667,Aktual,Aksesoris,Aktual (Raw)
2024-06-23,176.0,Aktual,Aksesoris,Aktual (Raw)
2024-07-07,206.0,Aktual,Aksesoris,Aktual (Raw)
2024-07-21,188.33333333333334,Aktual,Aksesoris,Aktual (Raw)
2024-08-04,135.33333333333334,Aktual,Aksesoris,Aktual (Raw)
2024-08-18,108.0,Aktual,Aksesoris,Aktual (Raw)
2024-09-01,107.66666666666667,Aktual,Aksesoris,Aktual (Raw)
2024-09-15,74.0,Aktual,Aksesoris,Aktual (Raw)
2024-09-29,69.33333333333333,Aktual,Aksesoris,Aktual (Raw)
2024-10-13,50.0,Aktual,Aksesoris,Aktual (Raw)
2024-10-27,78.0,Aktual,Aksesoris,Aktual (Raw)
2024-11-10,139.33333333333334,Aktual,Aksesoris,Aktual (Raw)
2024-11-24,161.66666666666666,Aktual,Aksesoris,Aktual (Raw)
2024-12-08,137.33333333333334,Aktual,Aksesoris,Aktual (Raw)
2024-12-22,62.0,Aktual,Aksesoris,Aktual (Raw)
2025-01-05,38.333333333333336,Aktual,Aksesoris,Aktual (Raw)
2025-01-19,106.33333333333333,Aktual,Aksesoris,Aktual (Raw)
2025-02-02,124.33333333333333,Aktual,Aksesoris,Aktual (Raw)
2025-02-16,158.66666666666666,Aktual,Aksesoris,Aktual (Raw)
2025-03-02,114.33333333333333,Aktual,Aksesoris,Aktual (Raw)
2025-03-16,169.0,Aktual,Aksesoris,Aktual (Raw)
2025-03-30,130.33333333333334,Aktual,Aksesoris,Aktual (Raw)
2025-04-13,96.0,Aktual,Aksesoris,Aktual (Raw)
2025-04-27,21.0,Aktual,Aksesoris,Aktual (Raw)
2025-05-11,36.0,Aktual,Aksesoris,Aktual (Raw)
2025-05-25,118.66666666666667,Aktual,Aksesoris,Aktual (Raw)
2025-06-08,180.33333333333334,Aktual,Aksesoris,Aktual (Raw)
2025-06-22,207.66666666666666,Aktual,Aksesoris,Aktual (Raw)
2025-07-06,155.0,Aktual,Aksesoris,Aktual (Raw)
2025-07-20,105.66666666666667,Aktual,Aksesoris,Aktual (Raw)
2025-08-03,61.0,Aktual,Aksesoris,Aktual (Raw)
2025-08-17,53.333333333333336,Aktual,Aksesoris,Aktual (Raw)
2025-08-31,53.0,Aktual,Aksesoris,Aktual (Raw)
2025-09-14,50.0,Aktual,Aksesoris,Aktual (Raw)
2025-09-28,63.0,Aktual,Aksesoris,Aktual (Raw)
2025-10-12,58.333333333333336,Aktual,Aksesoris,Aktual (Raw)
2025-10-26,54.333333333333336,Aktual,Aksesoris,Aktual (Raw)
2025-11-09,28.666666666666668,Aktual,Aksesoris,Aktual (Raw)
2025-11-23,22.0,Aktual,Aksesoris,Aktual (Raw)
2025-12-07,25.333333333333332,Aktual,Aksesoris,Aktual (Raw)
2023-01-08,1.0,Aktual,Aksesoris,Aktual (Smooth)
2023-01-22,12.75,Aktual,Aksesoris,Aktual (Smooth)
2023-02-05,36.75,Aktual,Aksesoris,Aktual (Smooth)
2023-02-19,59.666666666666664,Aktual,Aksesoris,Aktual (Smooth)
2023-03-05,83.16666666666666,Aktual,Aksesoris,Aktual (Smooth)
2023-03-19,83.16666666666666,Aktual,Aksesoris,Aktual (Smooth)
2023-04-02,63.166666666666664,Aktual,Aksesoris,Aktual (Smooth)
2023-04-16,61.166666666666664,Aktual,Aksesoris,Aktual (Smooth)
2023-04-30,65.66666666666666,Aktual,Aksesoris,Aktual (Smooth)
2023-05-14,71.0,Aktual,Aksesoris,Aktual (Smooth)
2023-05-28,57.5,Aktual,Aksesoris,Aktual (Smooth)
2023-06-11,57.666666666666664,Aktual,Aksesoris,Aktual (Smooth)
2023-06-25,78.16666666666666,Aktual,Aksesoris,Aktual (Smooth)
2023-07-09,103.83333333333334,Aktual,Aksesoris,Aktual (Smooth)
2023-07-23,138.66666666666669,Aktual,Aksesoris,Aktual (Smooth)
2023-08-06,156.16666666666669,Aktual,Aksesoris,Aktual (Smooth)
2023-08-20,140.33333333333334,Aktual,Aksesoris,Aktual (Smooth)
2023-09-03,86.50000000000001,Aktual,Aksesoris,Aktual (Smooth)
2023-09-17,48.666666666666686,Aktual,Aksesoris,Aktual (Smooth)
2023-10-01,48.000000000000014,Aktual,Aksesoris,Aktual (Smooth)
2023-10-15,57.33333333333334,Aktual,Aksesoris,Aktual (Smooth)
2023-10-29,51.000000000000014,Aktual,Aksesoris,Aktual (Smooth)
2023-11-12,33.83333333333335,Aktual,Aksesoris,Aktual (Smooth)
2023-11-26,46.83333333333335,Aktual,Aksesoris,Aktual (Smooth)
2023-12-10,84.50000000000001,Aktual,Aksesoris,Aktual (Smooth)
2023-12-24,100.00000000000001,Aktual,Aksesoris,Aktual (Smooth)
2024-01-07,82.00000000000001,Aktual,Aksesoris,Aktual (Smooth)
2024-01-21,60.166666666666686,Aktual,Aksesoris,Aktual (Smooth)
2024-02-04,59.000000000000014,Aktual,Aksesoris,Aktual (Smooth)
2024-02-18,62.666666666666664,Aktual,Aksesoris,Aktual (Smooth)
2024-03-03,78.83333333333334,Aktual,Aksesoris,Aktual (Smooth)
2024-03-17,119.50000000000001,Aktual,Aksesoris,Aktual (Smooth)
2024-03-31,150.5,Aktual,Aksesoris,Aktual (Smooth)
2024-04-14,129.66666666666669,Aktual,Aksesoris,Aktual (Smooth)
2024-04-28,69.50000000000001,Aktual,Aksesoris,Aktual (Smooth)
2024-05-12,24.66666666666668,Aktual,Aksesoris,Aktual (Smooth)
2024-05-26,22.833333333333346,Aktual,Aksesoris,Aktual (Smooth)
2024-06-09,60.33333333333335,Aktual,Aksesoris,Aktual (Smooth)
2024-06-23,131.83333333333334,Aktual,Aksesoris,Aktual (Smooth)
2024-07-07,191.0,Aktual,Aksesoris,Aktual (Smooth)
2024-07-21,197.16666666666669,Aktual,Aksesoris,Aktual (Smooth)
2024-08-04,161.83333333333334,Aktual,Aksesoris,Aktual (Smooth)
2024-08-18,121.66666666666667,Aktual,Aksesoris,Aktual (Smooth)
2024-09-01,107.83333333333334,Aktual,Aksesoris,Aktual (Smooth)
2024-09-15,90.83333333333334,Aktual,Aksesoris,Aktual (Smooth)
2024-09-29,71.66666666666666,Aktual,Aksesoris,Aktual (Smooth)
2024-10-13,59.666666666666664,Aktual,Aksesoris,Aktual (Smooth)
2024-10-27,64.0,Aktual,Aksesoris,Aktual (Smooth)
2024-11-10,108.66666666666667,Aktual,Aksesoris,Aktual (Smooth)
2024-11-24,150.5,Aktual,Aksesoris,Aktual (Smooth)
2024-12-08,149.5,Aktual,Aksesoris,Aktual (Smooth)
2024-12-22,99.66666666666667,Aktual,Aksesoris,Aktual (Smooth)
2025-01-05,50.16666666666667,Aktual,Aksesoris,Aktual (Smooth)
2025-01-19,72.33333333333333,Aktual,Aksesoris,Aktual (Smooth)
2025-02-02,115.33333333333331,Aktual,Aksesoris,Aktual (Smooth)
2025-02-16,141.5,Aktual,Aksesoris,Aktual (Smooth)
2025-03-02,136.5,Aktual,Aksesoris,Aktual (Smooth)
2025-03-16,141.66666666666666,Aktual,Aksesoris,Aktual (Smooth)
2025-03-30,149.66666666666669,Aktual,Aksesoris,Aktual (Smooth)
2025-04-13,113.16666666666667,Aktual,Aksesoris,Aktual (Smooth)
2025-04-27,58.5,Aktual,Aksesoris,Aktual (Smooth)
2025-05-11,28.5,Aktual,Aksesoris,Aktual (Smooth)
2025-05-25,77.33333333333334,Aktual,Aksesoris,Aktual (Smooth)
2025-06-08,149.5,Aktual,Aksesoris,Aktual (Smooth)
2025-06-22,194.0,Aktual,Aksesoris,Aktual (Smooth)
2025-07-06,181.33333333333331,Aktual,Aksesoris,Aktual (Smooth)
2025-07-20,130.33333333333334,Aktual,Aksesoris,Aktual (Smooth)
2025-08-03,83.33333333333334,Aktual,Aksesoris,Aktual (Smooth)
2025-08-17,57.16666666666667,Aktual,Aksesoris,Aktual (Smooth)
2025-08-31,53.16666666666667,Aktual,Aksesoris,Aktual (Smooth)
2025-09-14,51.5,Aktual,Aksesoris,Aktual (Smooth)
2025-09-28,56.5,Aktual,Aksesoris,Aktual (Smooth)
2025-10-12,60.66666666666667,Aktual,Aksesoris,Aktual (Smooth)
2025-10-26,56.333333333333336,Aktual,Aksesoris,Aktual (Smooth)
2025-11-09,41.5,Aktual,Aksesoris,Aktual (Smooth)
2025-11-23,25.333333333333336,Aktual,Aksesoris,Aktual (Smooth)
2025-12-07,23.666666666666664,Aktual,Aksesoris,Aktual (Smooth)
2025-09-14,40.7276496887207,Test,Aksesoris,XGBoost
2025-09-28,40.506046295166016,Test,Aksesoris,XGBoost
2025-10-12,47.92422103881836,Test,Aksesoris,XGBoost
2025-10-26,75.7177963256836,Test,Aksesoris,XGBoost
2025-11-09,40.95387649536133,Test,Aksesoris,XGBoost
2025-11-23,54.01409149169922,Test,Aksesoris,XGBoost
2025-12-07,34.53328323364258,Test,Aksesoris,XGBoost
2025-12-21,34.53328323364258,Future,Aksesoris,XGBoost
2026-01-04,49.74860763549805,Future,Aksesoris,XGBoost
2026-01-18,55.60279846191406,Future,Aksesoris,XGBoost
2026-02-01,47.03153991699219,Future,Aksesoris,XGBoost
2025-09-14,60.914085388183594,Test,Aksesoris,LSTM
2025-09-28,61.2402229309082,Test,Aksesoris,LSTM
2025-10-12,67.20751190185547,Test,Aksesoris,LSTM
2025-10-26,68.01325988769531,Test,Aksesoris,LSTM
2025-11-09,61.67250061035156,Test,Aksesoris,LSTM
2025-11-23,49.657493591308594,Test,Aksesoris,LSTM
2025-12-07,38.76197814941406,Test,Aksesoris,LSTM
2025-12-21,38.76197814941406,Future,Aksesoris,LSTM
2026-01-04,45.37236785888672,Future,Aksesoris,LSTM
2026-01-18,47.96356964111328,Future,Aksesoris,LSTM
2026-02-01,48.870304107666016,Future,Aksesoris,LSTM
2025-09-14,61.15783268778861,Test,Aksesoris,SARIMA
2025-09-28,73.42860783043965,Test,Aksesoris,SARIMA
2025-10-12,76.0095641488341,Test,Aksesoris,SARIMA
2025-10-26,81.21162801776352,Test,Aksesoris,SARIMA
2025-11-09,100.79161388249642,Test,Aksesoris,SARIMA
2025-11-23,114.74352063735739,Test,Aksesoris,SARIMA
2025-12-07,114.70396699010881,Test,Aksesoris,SARIMA
2025-12-21,98.39493992943625,Future,Aksesoris,SARIMA
2026-01-04,75.88811554836374,Future,Aksesoris,SARIMA
2026-01-18,87.16380359165018,Future,Aksesoris,SARIMA
2026-02-01,107.24778040652703,Future,Aksesoris,SARIMA
2023-01-08,199.0,Aktual,Fashion Bayi & Anak lainnya,Aktual (Raw)
2023-01-22,248.0,Aktual,Fashion Bayi & Anak lainnya,Aktual (Raw)
2023-02-05,480.0,Aktual,Fashion Bayi & Anak lainnya,Aktual (Raw)
2023-02-19,500.0,Aktual,Fashion Bayi & Anak lainnya,Aktual (Raw)
2023-03-05,474.0,Aktual,Fashion Bayi & Anak lainnya,Aktual (Raw)
2023-03-19,492.0,Aktual,Fashion Bayi & Anak lainnya,Aktual (Raw)
2023-04-02,704.0,Aktual,Fashion Bayi & Anak lainnya,Aktual (Raw)
2023-04-16,1245.0,Aktual,Fashion Bayi & Anak lainnya,Aktual (Raw)
2023-04-30,470.0,Aktual,Fashion Bayi & Anak lainnya,Aktual (Raw)
2023-05-14,92.0,Aktual,Fashion Bayi & Anak lainnya,Aktual (Raw)
2023-05-28,118.0,Aktual,Fashion Bayi & Anak lainnya,Aktual (Raw)
2023-06-11,467.0,Aktual,Fashion Bayi & Anak lainnya,Aktual (Raw)
2023-06-25,339.0,Aktual,Fashion Bayi & Anak lainnya,Aktual (Raw)
2023-07-09,391.0,Aktual,Fashion Bayi & Anak lainnya,Aktual (Raw)
2023-07-23,414.0,Aktual,Fashion Bayi & Anak lainnya,Aktual (Raw)
2023-08-06,479.0,Aktual,Fashion Bayi & Anak lainnya,Aktual (Raw)
2023-08-20,550.0,Aktual,Fashion Bayi & Anak lainnya,Aktual (Raw)
2023-09-03,526.0,Aktual,Fashion Bayi & Anak lainnya,Aktual (Raw)
2023-09-17,531.0,Aktual,Fashion Bayi & Anak lainnya,Aktual (Raw)
2023-10-01,460.0,Aktual,Fashion Bayi & Anak lainnya,Aktual (Raw)
2023-10-15,294.0,Aktual,Fashion Bayi & Anak lainnya,Aktual (Raw)
2023-10-29,409.0,Aktual,Fashion Bayi & Anak lainnya,Aktual (Raw)
2023-11-12,353.0,Aktual,Fashion Bayi & Anak lainnya,Aktual (Raw)
2023-11-26,336.0,Aktual,Fashion Bayi & Anak lainnya,Aktual (Raw)
2023-12-10,402.0,Aktual,Fashion Bayi & Anak lainnya,Aktual (Raw)
2023-12-24,355.0,Aktual,Fashion Bayi & Anak lainnya,Aktual (Raw)
2024-01-07,363.0,Aktual,Fashion Bayi & Anak lainnya,Aktual (Raw)
2024-01-21,352.0,Aktual,Fashion Bayi & Anak lainnya,Aktual (Raw)
2024-02-04,223.0,Aktual,Fashion Bayi & Anak lainnya,Aktual (Raw)
2024-02-18,241.0,Aktual,Fashion Bayi & Anak lainnya,Aktual (Raw)
2024-03-03,415.0,Aktual,Fashion Bayi & Anak lainnya,Aktual (Raw)
2024-03-17,478.0,Aktual,Fashion Bayi & Anak lainnya,Aktual (Raw)
2024-03-31,1041.0,Aktual,Fashion Bayi & Anak lainnya,Aktual (Raw)
2024-04-14,702.0,Aktual,Fashion Bayi & Anak lainnya,Aktual (Raw)
2024-04-28,49.0,Aktual,Fashion Bayi & Anak lainnya,Aktual (Raw)
2024-05-12,335.0,Aktual,Fashion Bayi & Anak lainnya,Aktual (Raw)
2024-05-26,121.0,Aktual,Fashion Bayi & Anak lainnya,Aktual (Raw)
2024-06-09,238.0,Aktual,Fashion Bayi & Anak lainnya,Aktual (Raw)
2024-06-23,226.0,Aktual,Fashion Bayi & Anak lainnya,Aktual (Raw)
2024-07-07,356.0,Aktual,Fashion Bayi & Anak lainnya,Aktual (Raw)
2024-07-21,256.0,Aktual,Fashion Bayi & Anak lainnya,Aktual (Raw)
2024-08-04,379.0,Aktual,Fashion Bayi & Anak lainnya,Aktual (Raw)
2024-08-18,410.0,Aktual,Fashion Bayi & Anak lainnya,Aktual (Raw)
2024-09-01,301.0,Aktual,Fashion Bayi & Anak lainnya,Aktual (Raw)
2024-09-15,268.0,Aktual,Fashion Bayi & Anak lainnya,Aktual (Raw)
2024-09-29,251.0,Aktual,Fashion Bayi & Anak lainnya,Aktual (Raw)
2024-10-13,223.0,Aktual,Fashion Bayi & Anak lainnya,Aktual (Raw)
2024-10-27,216.0,Aktual,Fashion Bayi & Anak lainnya,Aktual (Raw)
2024-11-10,195.0,Aktual,Fashion Bayi & Anak lainnya,Aktual (Raw)
2024-11-24,343.0,Aktual,Fashion Bayi & Anak lainnya,Aktual (Raw)
2024-12-08,194.0,Aktual,Fashion Bayi & Anak lainnya,Aktual (Raw)
2024-12-22,259.0,Aktual,Fashion Bayi & Anak lainnya,Aktual (Raw)
2025-01-05,275.0,Aktual,Fashion Bayi & Anak lainnya,Aktual (Raw)
2025-01-19,226.0,Aktual,Fashion Bayi & Anak lainnya,Aktual (Raw)
2025-02-02,287.0,Aktual,Fashion Bayi & Anak lainnya,Aktual (Raw)
2025-02-16,349.0,Aktual,Fashion Bayi & Anak lainnya,Aktual (Raw)
2025-03-02,598.0,Aktual,Fashion Bayi & Anak lainnya,Aktual (Raw)
2025-03-16,1144.0,Aktual,Fashion Bayi & Anak lainnya,Aktual (Raw)
2025-03-30,907.0,Aktual,Fashion Bayi & Anak lainnya,Aktual (Raw)
2025-04-13,23.0,Aktual,Fashion Bayi & Anak lainnya,Aktual (Raw)
2025-04-27,130.0,Aktual,Fashion Bayi & Anak lainnya,Aktual (Raw)
2025-05-11,96.0,Aktual,Fashion Bayi & Anak lainnya,Aktual (Raw)
2025-05-25,251.0,Aktual,Fashion Bayi & Anak lainnya,Aktual (Raw)
2025-06-08,254.0,Aktual,Fashion Bayi & Anak lainnya,Aktual (Raw)
2025-06-22,551.0,Aktual,Fashion Bayi & Anak lainnya,Aktual (Raw)
2025-07-06,389.0,Aktual,Fashion Bayi & Anak lainnya,Aktual (Raw)
2025-07-20,240.0,Aktual,Fashion Bayi & Anak lainnya,Aktual (Raw)
2025-08-03,188.0,Aktual,Fashion Bayi & Anak lainnya,Aktual (Raw)
2025-08-17,198.0,Aktual,Fashion Bayi & Anak lainnya,Aktual (Raw)
2025-08-31,246.0,Aktual,Fashion Bayi & Anak lainnya,Aktual (Raw)
2025-09-14,168.0,Aktual,Fashion Bayi & Anak lainnya,Aktual (Raw)
2025-09-28,231.0,Aktual,Fashion Bayi & Anak lainnya,Aktual (Raw)
2025-10-12,157.0,Aktual,Fashion Bayi & Anak lainnya,Aktual (Raw)
2025-10-26,174.0,Aktual,Fashion Bayi & Anak lainnya,Aktual (Raw)
2025-11-09,231.0,Aktual,Fashion Bayi & Anak lainnya,Aktual (Raw)
2025-11-23,172.0,Aktual,Fashion Bayi & Anak lainnya,Aktual (Raw)
2025-12-07,117.0,Aktual,Fashion Bayi & Anak lainnya,Aktual (Raw)
2023-01-08,199.0,Aktual,Fashion Bayi & Anak lainnya,Aktual (Smooth)
2023-01-22,223.5,Aktual,Fashion Bayi & Anak lainnya,Aktual (Smooth)
2023-02-05,364.0,Aktual,Fashion Bayi & Anak lainnya,Aktual (Smooth)
2023-02-19,490.0,Aktual,Fashion Bayi & Anak lainnya,Aktual (Smooth)
2023-03-05,487.0,Aktual,Fashion Bayi & Anak lainnya,Aktual (Smooth)
2023-03-19,483.0,Aktual,Fashion Bayi & Anak lainnya,Aktual (Smooth)
2023-04-02,598.0,Aktual,Fashion Bayi & Anak lainnya,Aktual (Smooth)
2023-04-16,974.5,Aktual,Fashion Bayi & Anak lainnya,Aktual (Smooth)
2023-04-30,857.5,Aktual,Fashion Bayi & Anak lainnya,Aktual (Smooth)
2023-05-14,281.0,Aktual,Fashion Bayi & Anak lainnya,Aktual (Smooth)
2023-05-28,105.0,Aktual,Fashion Bayi & Anak lainnya,Aktual (Smooth)
2023-06-11,292.5,Aktual,Fashion Bayi & Anak lainnya,Aktual (Smooth)
2023-06-25,403.0,Aktual,Fashion Bayi & Anak lainnya,Aktual (Smooth)
2023-07-09,365.0,Aktual,Fashion Bayi & Anak lainnya,Aktual (Smooth)
2023-07-23,402.5,Aktual,Fashion Bayi & Anak lainnya,Aktual (Smooth)
2023-08-06,446.5,Aktual,Fashion Bayi & Anak lainnya,Aktual (Smooth)
2023-08-20,514.5,Aktual,Fashion Bayi & Anak lainnya,Aktual (Smooth)
2023-09-03,538.0,Aktual,Fashion Bayi & Anak lainnya,Aktual (Smooth)
2023-09-17,528.5,Aktual,Fashion Bayi & Anak lainnya,Aktual (Smooth)
2023-10-01,495.5,Aktual,Fashion Bayi & Anak lainnya,Aktual (Smooth)
2023-10-15,377.0,Aktual,Fashion Bayi & Anak lainnya,Aktual (Smooth)
2023-10-29,351.5,Aktual,Fashion Bayi & Anak lainnya,Aktual (Smooth)
2023-11-12,381.0,Aktual,Fashion Bayi & Anak lainnya,Aktual (Smooth)
2023-11-26,344.5,Aktual,Fashion Bayi & Anak lainnya,Aktual (Smooth)
2023-12-10,369.0,Aktual,Fashion Bayi & Anak lainnya,Aktual (Smooth)
2023-12-24,378.5,Aktual,Fashion Bayi & Anak lainnya,Aktual (Smooth)
2024-01-07,359.0,Aktual,Fashion Bayi & Anak lainnya,Aktual (Smooth)
2024-01-21,357.5,Aktual,Fashion Bayi & Anak lainnya,Aktual (Smooth)
2024-02-04,287.5,Aktual,Fashion Bayi & Anak lainnya,Aktual (Smooth)
2024-02-18,232.0,Aktual,Fashion Bayi & Anak lainnya,Aktual (Smooth)
2024-03-03,328.0,Aktual,Fashion Bayi & Anak lainnya,Aktual (Smooth)
2024-03-17,446.5,Aktual,Fashion Bayi & Anak lainnya,Aktual (Smooth)
2024-03-31,759.5,Aktual,Fashion Bayi & Anak lainnya,Aktual (Smooth)
2024-04-14,871.5,Aktual,Fashion Bayi & Anak lainnya,Aktual (Smooth)
2024-04-28,375.5,Aktual,Fashion Bayi & Anak lainnya,Aktual (Smooth)
2024-05-12,192.0,Aktual,Fashion Bayi & Anak lainnya,Aktual (Smooth)
2024-05-26,228.0,Aktual,Fashion Bayi & Anak lainnya,Aktual (Smooth)
2024-06-09,179.5,Aktual,Fashion Bayi & Anak lainnya,Aktual (Smooth)
2024-06-23,232.0,Aktual,Fashion Bayi & Anak lainnya,Aktual (Smooth)
2024-07-07,291.0,Aktual,Fashion Bayi & Anak lainnya,Aktual (Smooth)
2024-07-21,306.0,Aktual,Fashion Bayi & Anak lainnya,Aktual (Smooth)
2024-08-04,317.5,Aktual,Fashion Bayi & Anak lainnya,Aktual (Smooth)
2024-08-18,394.5,Aktual,Fashion Bayi & Anak lainnya,Aktual (Smooth)
2024-09-01,355.5,Aktual,Fashion Bayi & Anak lainnya,Aktual (Smooth)
2024-09-15,284.5,Aktual,Fashion Bayi & Anak lainnya,Aktual (Smooth)
2024-09-29,259.5,Aktual,Fashion Bayi & Anak lainnya,Aktual (Smooth)
2024-10-13,237.0,Aktual,Fashion Bayi & Anak lainnya,Aktual (Smooth)
2024-10-27,219.5,Aktual,Fashion Bayi & Anak lainnya,Aktual (Smooth)
2024-11-10,205.5,Aktual,Fashion Bayi & Anak lainnya,Aktual (Smooth)
2024-11-24,269.0,Aktual,Fashion Bayi & Anak lainnya,Aktual (Smooth)
2024-12-08,268.5,Aktual,Fashion Bayi & Anak lainnya,Aktual (Smooth)
2024-12-22,226.5,Aktual,Fashion Bayi & Anak lainnya,Aktual (Smooth)
2025-01-05,267.0,Aktual,Fashion Bayi & Anak lainnya,Aktual (Smooth)
2025-01-19,250.5,Aktual,Fashion Bayi & Anak lainnya,Aktual (Smooth)
2025-02-02,256.5,Aktual,Fashion Bayi & Anak lainnya,Aktual (Smooth)
2025-02-16,318.0,Aktual,Fashion Bayi & Anak lainnya,Aktual (Smooth)
2025-03-02,473.5,Aktual,Fashion Bayi & Anak lainnya,Aktual (Smooth)
2025-03-16,871.0,Aktual,Fashion Bayi & Anak lainnya,Aktual (Smooth)
2025-03-30,1025.5,Aktual,Fashion Bayi & Anak lainnya,Aktual (Smooth)
2025-04-13,465.0,Aktual,Fashion Bayi & Anak lainnya,Aktual (Smooth)
2025-04-27,76.5,Aktual,Fashion Bayi & Anak lainnya,Aktual (Smooth)
2025-05-11,113.0,Aktual,Fashion Bayi & Anak lainnya,Aktual (Smooth)
2025-05-25,173.5,Aktual,Fashion Bayi & Anak lainnya,Aktual (Smooth)
2025-06-08,252.5,Aktual,Fashion Bayi & Anak lainnya,Aktual (Smooth)
2025-06-22,402.5,Aktual,Fashion Bayi & Anak lainnya,Aktual (Smooth)
2025-07-06,470.0,Aktual,Fashion Bayi & Anak lainnya,Aktual (Smooth)
2025-07-20,314.5,Aktual,Fashion Bayi & Anak lainnya,Aktual (Smooth)
2025-08-03,214.0,Aktual,Fashion Bayi & Anak lainnya,Aktual (Smooth)
2025-08-17,193.0,Aktual,Fashion Bayi & Anak lainnya,Aktual (Smooth)
2025-08-31,222.0,Aktual,Fashion Bayi & Anak lainnya,Aktual (Smooth)
2025-09-14,207.0,Aktual,Fashion Bayi & Anak lainnya,Aktual (Smooth)
2025-09-28,199.5,Aktual,Fashion Bayi & Anak lainnya,Aktual (Smooth)
2025-10-12,194.0,Aktual,Fashion Bayi & Anak lainnya,Aktual (Smooth)
2025-10-26,165.5,Aktual,Fashion Bayi & Anak lainnya,Aktual (Smooth)
2025-11-09,202.5,Aktual,Fashion Bayi & Anak lainnya,Aktual (Smooth)
2025-11-23,201.5,Aktual,Fashion Bayi & Anak lainnya,Aktual (Smooth)
2025-12-07,144.5,Aktual,Fashion Bayi & Anak lainnya,Aktual (Smooth)
2025-09-14,207.286865234375,Test,Fashion Bayi & Anak lainnya,XGBoost
2025-09-28,216.48370361328125,Test,Fashion Bayi & Anak lainnya,XGBoost
2025-10-12,216.48370361328125,Test,Fashion Bayi & Anak lainnya,XGBoost
2025-10-26,216.48370361328125,Test,Fashion Bayi & Anak lainnya,XGBoost
2025-11-09,203.8595733642578,Test,Fashion Bayi & Anak lainnya,XGBoost
2025-11-23,249.27613830566406,Test,Fashion Bayi & Anak lainnya,XGBoost
2025-12-07,200.49751859514305,Test,Fashion Bayi & Anak lainnya,XGBoost
2025-12-21,264.15362548828125,Future,Fashion Bayi & Anak lainnya,XGBoost
2026-01-04,275.35308837890625,Future,Fashion Bayi & Anak lainnya,XGBoost
2026-01-18,211.5199737548828,Future,Fashion Bayi & Anak lainnya,XGBoost
2026-02-01,302.521728515625,Future,Fashion Bayi & Anak lainnya,XGBoost
2025-09-14,241.16995239257812,Test,Fashion Bayi & Anak lainnya,LSTM
2025-09-28,236.5936737060547,Test,Fashion Bayi & Anak lainnya,LSTM
2025-10-12,234.88571166992188,Test,Fashion Bayi & Anak lainnya,LSTM
2025-10-26,232.5955810546875,Test,Fashion Bayi & Anak lainnya,LSTM
2025-11-09,229.26446533203125,Test,Fashion Bayi & Anak lainnya,LSTM
2025-11-23,237.10643005371094,Test,Fashion Bayi & Anak lainnya,LSTM
2025-12-07,247.6539764404297,Test,Fashion Bayi & Anak lainnya,LSTM
2025-12-21,247.6539764404297,Future,Fashion Bayi & Anak lainnya,LSTM
2026-01-04,270.3974304199219,Future,Fashion Bayi & Anak lainnya,LSTM
2026-01-18,293.2767639160156,Future,Fashion Bayi & Anak lainnya,LSTM
2026-02-01,319.21295166015625,Future,Fashion Bayi & Anak lainnya,LSTM
2025-09-14,256.43546278400316,Test,Fashion Bayi & Anak lainnya,SARIMA
2025-09-28,262.55432727069143,Test,Fashion Bayi & Anak lainnya,SARIMA
2025-10-12,260.9999163581602,Test,Fashion Bayi & Anak lainnya,SARIMA
2025-10-26,258.6589057502312,Test,Fashion Bayi & Anak lainnya,SARIMA
2025-11-09,196.73087771008352,Test,Fashion Bayi & Anak lainnya,SARIMA
2025-11-23,200.99443061629194,Test,Fashion Bayi & Anak lainnya,SARIMA
2025-12-07,200.49751859514305,Test,Fashion Bayi & Anak lainnya,SARIMA
2025-12-21,259.76654892966883,Future,Fashion Bayi & Anak lainnya,SARIMA
2026-01-04,265.3856346293463,Future,Fashion Bayi & Anak lainnya,SARIMA
2026-01-18,263.19206013367494,Future,Fashion Bayi & Anak lainnya,SARIMA
2026-02-01,324.99316708695443,Future,Fashion Bayi & Anak lainnya,SARIMA
2023-01-08,145.0,Aktual,Fashion Muslim,Aktual (Raw)
2023-01-22,164.0,Aktual,Fashion Muslim,Aktual (Raw)
2023-02-05,334.0,Aktual,Fashion Muslim,Aktual (Raw)
2023-02-19,436.0,Aktual,Fashion Muslim,Aktual (Raw)
2023-03-05,309.0,Aktual,Fashion Muslim,Aktual (Raw)
2023-03-19,323.0,Aktual,Fashion Muslim,Aktual (Raw)
2023-04-02,603.0,Aktual,Fashion Muslim,Aktual (Raw)
2023-04-16,893.0,Aktual,Fashion Muslim,Aktual (Raw)
2023-04-30,158.0,Aktual,Fashion Muslim,Aktual (Raw)
2023-05-14,21.0,Aktual,Fashion Muslim,Aktual (Raw)
2023-05-28,14.0,Aktual,Fashion Muslim,Aktual (Raw)
2023-06-11,72.0,Aktual,Fashion Muslim,Aktual (Raw)
2023-06-25,161.0,Aktual,Fashion Muslim,Aktual (Raw)
2023-07-09,71.0,Aktual,Fashion Muslim,Aktual (Raw)
2023-07-23,59.0,Aktual,Fashion Muslim,Aktual (Raw)
2023-08-06,156.0,Aktual,Fashion Muslim,Aktual (Raw)
2023-08-20,70.0,Aktual,Fashion Muslim,Aktual (Raw)
2023-09-03,64.0,Aktual,Fashion Muslim,Aktual (Raw)
2023-09-17,34.0,Aktual,Fashion Muslim,Aktual (Raw)
2023-10-01,30.0,Aktual,Fashion Muslim,Aktual (Raw)
2023-10-15,82.0,Aktual,Fashion Muslim,Aktual (Raw)
2023-10-29,35.0,Aktual,Fashion Muslim,Aktual (Raw)
2023-11-12,87.0,Aktual,Fashion Muslim,Aktual (Raw)
2023-11-26,114.0,Aktual,Fashion Muslim,Aktual (Raw)
2023-12-10,84.0,Aktual,Fashion Muslim,Aktual (Raw)
2023-12-24,100.0,Aktual,Fashion Muslim,Aktual (Raw)
2024-01-07,242.0,Aktual,Fashion Muslim,Aktual (Raw)
2024-01-21,182.0,Aktual,Fashion Muslim,Aktual (Raw)
2024-02-04,173.0,Aktual,Fashion Muslim,Aktual (Raw)
2024-02-18,155.0,Aktual,Fashion Muslim,Aktual (Raw)
2024-03-03,207.0,Aktual,Fashion Muslim,Aktual (Raw)
2024-03-17,463.0,Aktual,Fashion Muslim,Aktual (Raw)
2024-03-31,740.0,Aktual,Fashion Muslim,Aktual (Raw)
2024-04-14,393.0,Aktual,Fashion Muslim,Aktual (Raw)
2024-04-28,10.0,Aktual,Fashion Muslim,Aktual (Raw)
2024-05-12,10.0,Aktual,Fashion Muslim,Aktual (Raw)
2024-05-26,5.0,Aktual,Fashion Muslim,Aktual (Raw)
2024-06-09,22.0,Aktual,Fashion Muslim,Aktual (Raw)
2024-06-23,26.0,Aktual,Fashion Muslim,Aktual (Raw)
2024-07-07,49.0,Aktual,Fashion Muslim,Aktual (Raw)
2024-07-21,61.0,Aktual,Fashion Muslim,Aktual (Raw)
2024-08-04,45.0,Aktual,Fashion Muslim,Aktual (Raw)
2024-08-18,37.0,Aktual,Fashion Muslim,Aktual (Raw)
2024-09-01,44.0,Aktual,Fashion Muslim,Aktual (Raw)
2024-09-15,9.0,Aktual,Fashion Muslim,Aktual (Raw)
2024-09-29,63.0,Aktual,Fashion Muslim,Aktual (Raw)
2024-10-13,60.0,Aktual,Fashion Muslim,Aktual (Raw)
2024-10-27,52.0,Aktual,Fashion Muslim,Aktual (Raw)
2024-11-10,26.0,Aktual,Fashion Muslim,Aktual (Raw)
2024-11-24,35.0,Aktual,Fashion Muslim,Aktual (Raw)
2024-12-08,55.0,Aktual,Fashion Muslim,Aktual (Raw)
2024-12-22,104.0,Aktual,Fashion Muslim,Aktual (Raw)
2025-01-05,100.0,Aktual,Fashion Muslim,Aktual (Raw)
2025-01-19,82.0,Aktual,Fashion Muslim,Aktual (Raw)
2025-02-02,103.0,Aktual,Fashion Muslim,Aktual (Raw)
2025-02-16,187.0,Aktual,Fashion Muslim,Aktual (Raw)
2025-03-02,282.0,Aktual,Fashion Muslim,Aktual (Raw)
2025-03-16,502.0,Aktual,Fashion Muslim,Aktual (Raw)
2025-03-30,546.0,Aktual,Fashion Muslim,Aktual (Raw)
2025-04-13,2.0,Aktual,Fashion Muslim,Aktual (Raw)
2025-04-27,9.0,Aktual,Fashion Muslim,Aktual (Raw)
2025-05-11,3.0,Aktual,Fashion Muslim,Aktual (Raw)
2025-05-25,23.0,Aktual,Fashion Muslim,Aktual (Raw)
2025-06-08,59.0,Aktual,Fashion Muslim,Aktual (Raw)
2025-06-22,174.0,Aktual,Fashion Muslim,Aktual (Raw)
2025-07-06,65.0,Aktual,Fashion Muslim,Aktual (Raw)
2025-07-20,28.0,Aktual,Fashion Muslim,Aktual (Raw)
2025-08-03,16.0,Aktual,Fashion Muslim,Aktual (Raw)
2025-08-17,12.0,Aktual,Fashion Muslim,Aktual (Raw)
2025-08-31,33.0,Aktual,Fashion Muslim,Aktual (Raw)
2025-09-14,14.0,Aktual,Fashion Muslim,Aktual (Raw)
2025-09-28,28.0,Aktual,Fashion Muslim,Aktual (Raw)
2025-10-12,14.0,Aktual,Fashion Muslim,Aktual (Raw)
2025-10-26,25.0,Aktual,Fashion Muslim,Aktual (Raw)
2025-11-09,30.0,Aktual,Fashion Muslim,Aktual (Raw)
2025-11-23,40.0,Aktual,Fashion Muslim,Aktual (Raw)
2025-12-07,56.0,Aktual,Fashion Muslim,Aktual (Raw)
2023-01-08,145.0,Aktual,Fashion Muslim,Aktual (Smooth)
2023-01-22,154.5,Aktual,Fashion Muslim,Aktual (Smooth)
2023-02-05,249.0,Aktual,Fashion Muslim,Aktual (Smooth)
2023-02-19,385.0,Aktual,Fashion Muslim,Aktual (Smooth)
2023-03-05,372.5,Aktual,Fashion Muslim,Aktual (Smooth)
2023-03-19,316.0,Aktual,Fashion Muslim,Aktual (Smooth)
2023-04-02,463.0,Aktual,Fashion Muslim,Aktual (Smooth)
2023-04-16,748.0,Aktual,Fashion Muslim,Aktual (Smooth)
2023-04-30,525.5,Aktual,Fashion Muslim,Aktual (Smooth)
2023-05-14,89.5,Aktual,Fashion Muslim,Aktual (Smooth)
2023-05-28,17.5,Aktual,Fashion Muslim,Aktual (Smooth)
2023-06-11,43.0,Aktual,Fashion Muslim,Aktual (Smooth)
2023-06-25,116.5,Aktual,Fashion Muslim,Aktual (Smooth)
2023-07-09,116.0,Aktual,Fashion Muslim,Aktual (Smooth)
2023-07-23,65.0,Aktual,Fashion Muslim,Aktual (Smooth)
2023-08-06,107.5,Aktual,Fashion Muslim,Aktual (Smooth)
2023-08-20,113.0,Aktual,Fashion Muslim,Aktual (Smooth)
2023-09-03,67.0,Aktual,Fashion Muslim,Aktual (Smooth)
2023-09-17,49.0,Aktual,Fashion Muslim,Aktual (Smooth)
2023-10-01,32.0,Aktual,Fashion Muslim,Aktual (Smooth)
2023-10-15,56.0,Aktual,Fashion Muslim,Aktual (Smooth)
2023-10-29,58.5,Aktual,Fashion Muslim,Aktual (Smooth)
2023-11-12,61.0,Aktual,Fashion Muslim,Aktual (Smooth)
2023-11-26,100.5,Aktual,Fashion Muslim,Aktual (Smooth)
2023-12-10,99.0,Aktual,Fashion Muslim,Aktual (Smooth)
2023-12-24,92.0,Aktual,Fashion Muslim,Aktual (Smooth)
2024-01-07,171.0,Aktual,Fashion Muslim,Aktual (Smooth)
2024-01-21,212.0,Aktual,Fashion Muslim,Aktual (Smooth)
2024-02-04,177.5,Aktual,Fashion Muslim,Aktual (Smooth)
2024-02-18,164.0,Aktual,Fashion Muslim,Aktual (Smooth)
2024-03-03,181.0,Aktual,Fashion Muslim,Aktual (Smooth)
2024-03-17,335.0,Aktual,Fashion Muslim,Aktual (Smooth)
2024-03-31,601.5,Aktual,Fashion Muslim,Aktual (Smooth)
2024-04-14,566.5,Aktual,Fashion Muslim,Aktual (Smooth)
2024-04-28,201.5,Aktual,Fashion Muslim,Aktual (Smooth)
2024-05-12,10.0,Aktual,Fashion Muslim,Aktual (Smooth)
2024-05-26,7.5,Aktual,Fashion Muslim,Aktual (Smooth)
2024-06-09,13.5,Aktual,Fashion Muslim,Aktual (Smooth)
2024-06-23,24.0,Aktual,Fashion Muslim,Aktual (Smooth)
2024-07-07,37.5,Aktual,Fashion Muslim,Aktual (Smooth)
2024-07-21,55.0,Aktual,Fashion Muslim,Aktual (Smooth)
2024-08-04,53.0,Aktual,Fashion Muslim,Aktual (Smooth)
2024-08-18,41.0,Aktual,Fashion Muslim,Aktual (Smooth)
2024-09-01,40.5,Aktual,Fashion Muslim,Aktual (Smooth)
2024-09-15,26.5,Aktual,Fashion Muslim,Aktual (Smooth)
2024-09-29,36.0,Aktual,Fashion Muslim,Aktual (Smooth)
2024-10-13,61.5,Aktual,Fashion Muslim,Aktual (Smooth)
2024-10-27,56.0,Aktual,Fashion Muslim,Aktual (Smooth)
2024-11-10,39.0,Aktual,Fashion Muslim,Aktual (Smooth)
2024-11-24,30.5,Aktual,Fashion Muslim,Aktual (Smooth)
2024-12-08,45.0,Aktual,Fashion Muslim,Aktual (Smooth)
2024-12-22,79.5,Aktual,Fashion Muslim,Aktual (Smooth)
2025-01-05,102.0,Aktual,Fashion Muslim,Aktual (Smooth)
2025-01-19,91.0,Aktual,Fashion Muslim,Aktual (Smooth)
2025-02-02,92.5,Aktual,Fashion Muslim,Aktual (Smooth)
2025-02-16,145.0,Aktual,Fashion Muslim,Aktual (Smooth)
2025-03-02,234.5,Aktual,Fashion Muslim,Aktual (Smooth)
2025-03-16,392.0,Aktual,Fashion Muslim,Aktual (Smooth)
2025-03-30,524.0,Aktual,Fashion Muslim,Aktual (Smooth)
2025-04-13,274.0,Aktual,Fashion Muslim,Aktual (Smooth)
2025-04-27,5.5,Aktual,Fashion Muslim,Aktual (Smooth)
2025-05-11,6.0,Aktual,Fashion Muslim,Aktual (Smooth)
2025-05-25,13.0,Aktual,Fashion Muslim,Aktual (Smooth)
2025-06-08,41.0,Aktual,Fashion Muslim,Aktual (Smooth)
2025-06-22,116.5,Aktual,Fashion Muslim,Aktual (Smooth)
2025-07-06,119.5,Aktual,Fashion Muslim,Aktual (Smooth)
2025-07-20,46.5,Aktual,Fashion Muslim,Aktual (Smooth)
2025-08-03,22.0,Aktual,Fashion Muslim,Aktual (Smooth)
2025-08-17,14.0,Aktual,Fashion Muslim,Aktual (Smooth)
2025-08-31,22.5,Aktual,Fashion Muslim,Aktual (Smooth)
2025-09-14,23.5,Aktual,Fashion Muslim,Aktual (Smooth)
2025-09-28,21.0,Aktual,Fashion Muslim,Aktual (Smooth)
2025-10-12,21.0,Aktual,Fashion Muslim,Aktual (Smooth)
2025-10-26,19.5,Aktual,Fashion Muslim,Aktual (Smooth)
2025-11-09,27.5,Aktual,Fashion Muslim,Aktual (Smooth)
2025-11-23,35.0,Aktual,Fashion Muslim,Aktual (Smooth)
2025-12-07,48.0,Aktual,Fashion Muslim,Aktual (Smooth)
2025-10-12,21.176868438720703,Test,Fashion Muslim,XGBoost
2025-10-26,22.919551849365234,Test,Fashion Muslim,XGBoost
2025-11-09,22.257022857666016,Test,Fashion Muslim,XGBoost
2025-11-23,50.00723648071289,Test,Fashion Muslim,XGBoost
2025-12-07,53.40117645263672,Test,Fashion Muslim,XGBoost
2025-12-21,74.14871215820312,Future,Fashion Muslim,XGBoost
2026-01-04,96.62730407714844,Future,Fashion Muslim,XGBoost
2026-01-18,102.1737060546875,Future,Fashion Muslim,XGBoost
2026-02-01,152.9867706298828,Future,Fashion Muslim,XGBoost
2025-10-12,29.044567108154297,Test,Fashion Muslim,LSTM
2025-10-26,28.161489486694336,Test,Fashion Muslim,LSTM
2025-11-09,29.0065975189209,Test,Fashion Muslim,LSTM
2025-11-23,31.436344146728516,Test,Fashion Muslim,LSTM
2025-12-07,34.76057052612305,Test,Fashion Muslim,LSTM
2025-12-21,34.76058578491211,Future,Fashion Muslim,LSTM
2026-01-04,38.730812072753906,Future,Fashion Muslim,LSTM
2026-01-18,41.884220123291016,Future,Fashion Muslim,LSTM
2026-02-01,45.89040756225586,Future,Fashion Muslim,LSTM
2025-10-12,39.67119034067649,Test,Fashion Muslim,SARIMA
2025-10-26,36.09212559069695,Test,Fashion Muslim,SARIMA
2025-11-09,25.02956181803296,Test,Fashion Muslim,SARIMA
2025-11-23,19.498279931700942,Test,Fashion Muslim,SARIMA
2025-12-07,28.933996090737907,Test,Fashion Muslim,SARIMA
2025-12-21,51.38449315879133,Future,Fashion Muslim,SARIMA
2026-01-04,66.02612168143487,Future,Fashion Muslim,SARIMA
2026-01-18,58.86799218147581,Future,Fashion Muslim,SARIMA
2026-02-01,62.89185678674033,Future,Fashion Muslim,SARIMA
2023-01-08,65.0,Aktual,Pakaian Laki-laki,Aktual (Raw)
2023-01-22,116.0,Aktual,Pakaian Laki-laki,Aktual (Raw)
2023-02-05,104.0,Aktual,Pakaian Laki-laki,Aktual (Raw)
2023-02-19,97.0,Aktual,Pakaian Laki-laki,Aktual (Raw)
2023-03-05,92.0,Aktual,Pakaian Laki-laki,Aktual (Raw)
2023-03-19,179.0,Aktual,Pakaian Laki-laki,Aktual (Raw)
2023-04-02,231.0,Aktual,Pakaian Laki-laki,Aktual (Raw)
2023-04-16,562.0,Aktual,Pakaian Laki-laki,Aktual (Raw)
2023-04-30,239.0,Aktual,Pakaian Laki-laki,Aktual (Raw)
2023-05-14,49.0,Aktual,Pakaian Laki-laki,Aktual (Raw)
2023-05-28,103.0,Aktual,Pakaian Laki-laki,Aktual (Raw)
2023-06-11,32.0,Aktual,Pakaian Laki-laki,Aktual (Raw)
2023-06-25,139.0,Aktual,Pakaian Laki-laki,Aktual (Raw)
2023-07-09,108.0,Aktual,Pakaian Laki-laki,Aktual (Raw)
2023-07-23,144.0,Aktual,Pakaian Laki-laki,Aktual (Raw)
2023-08-06,63.0,Aktual,Pakaian Laki-laki,Aktual (Raw)
2023-08-20,137.0,Aktual,Pakaian Laki-laki,Aktual (Raw)
2023-09-03,202.0,Aktual,Pakaian Laki-laki,Aktual (Raw)
2023-09-17,216.0,Aktual,Pakaian Laki-laki,Aktual (Raw)
2023-10-01,92.0,Aktual,Pakaian Laki-laki,Aktual (Raw)
2023-10-15,90.0,Aktual,Pakaian Laki-laki,Aktual (Raw)
2023-10-29,99.0,Aktual,Pakaian Laki-laki,Aktual (Raw)
2023-11-12,115.0,Aktual,Pakaian Laki-laki,Aktual (Raw)
2023-11-26,218.0,Aktual,Pakaian Laki-laki,Aktual (Raw)
2023-12-10,120.0,Aktual,Pakaian Laki-laki,Aktual (Raw)
2023-12-24,92.0,Aktual,Pakaian Laki-laki,Aktual (Raw)
2024-01-07,90.0,Aktual,Pakaian Laki-laki,Aktual (Raw)
2024-01-21,30.0,Aktual,Pakaian Laki-laki,Aktual (Raw)
2024-02-04,65.0,Aktual,Pakaian Laki-laki,Aktual (Raw)
2024-02-18,67.0,Aktual,Pakaian Laki-laki,Aktual (Raw)
2024-03-03,80.0,Aktual,Pakaian Laki-laki,Aktual (Raw)
2024-03-17,251.0,Aktual,Pakaian Laki-laki,Aktual (Raw)
2024-03-31,406.0,Aktual,Pakaian Laki-laki,Aktual (Raw)
2024-04-14,284.0,Aktual,Pakaian Laki-laki,Aktual (Raw)
2024-04-28,35.0,Aktual,Pakaian Laki-laki,Aktual (Raw)
2024-05-12,43.0,Aktual,Pakaian Laki-laki,Aktual (Raw)
2024-05-26,15.0,Aktual,Pakaian Laki-laki,Aktual (Raw)
2024-06-09,11.0,Aktual,Pakaian Laki-laki,Aktual (Raw)
2024-06-23,24.0,Aktual,Pakaian Laki-laki,Aktual (Raw)
2024-07-07,71.0,Aktual,Pakaian Laki-laki,Aktual (Raw)
2024-07-21,164.0,Aktual,Pakaian Laki-laki,Aktual (Raw)
2024-08-04,61.0,Aktual,Pakaian Laki-laki,Aktual (Raw)
2024-08-18,150.0,Aktual,Pakaian Laki-laki,Aktual (Raw)
2024-09-01,76.0,Aktual,Pakaian Laki-laki,Aktual (Raw)
2024-09-15,84.0,Aktual,Pakaian Laki-laki,Aktual (Raw)
2024-09-29,132.0,Aktual,Pakaian Laki-laki,Aktual (Raw)
2024-10-13,135.0,Aktual,Pakaian Laki-laki,Aktual (Raw)
2024-10-27,92.0,Aktual,Pakaian Laki-laki,Aktual (Raw)
2024-11-10,73.0,Aktual,Pakaian Laki-laki,Aktual (Raw)
2024-11-24,78.0,Aktual,Pakaian Laki-laki,Aktual (Raw)
2024-12-08,82.0,Aktual,Pakaian Laki-laki,Aktual (Raw)
2024-12-22,51.0,Aktual,Pakaian Laki-laki,Aktual (Raw)
2025-01-05,45.0,Aktual,Pakaian Laki-laki,Aktual (Raw)
2025-01-19,58.0,Aktual,Pakaian Laki-laki,Aktual (Raw)
2025-02-02,69.0,Aktual,Pakaian Laki-laki,Aktual (Raw)
2025-02-16,38.0,Aktual,Pakaian Laki-laki,Aktual (Raw)
2025-03-02,146.0,Aktual,Pakaian Laki-laki,Aktual (Raw)
2025-03-16,181.0,Aktual,Pakaian Laki-laki,Aktual (Raw)
2025-03-30,200.0,Aktual,Pakaian Laki-laki,Aktual (Raw)
2025-04-13,6.0,Aktual,Pakaian Laki-laki,Aktual (Raw)
2025-04-27,13.0,Aktual,Pakaian Laki-laki,Aktual (Raw)
2025-05-11,12.0,Aktual,Pakaian Laki-laki,Aktual (Raw)
2025-05-25,19.0,Aktual,Pakaian Laki-laki,Aktual (Raw)
2025-06-08,15.0,Aktual,Pakaian Laki-laki,Aktual (Raw)
2025-06-22,131.0,Aktual,Pakaian Laki-laki,Aktual (Raw)
2025-07-06,67.0,Aktual,Pakaian Laki-laki,Aktual (Raw)
2025-07-20,99.0,Aktual,Pakaian Laki-laki,Aktual (Raw)
2025-08-03,60.0,Aktual,Pakaian Laki-laki,Aktual (Raw)
2025-08-17,43.0,Aktual,Pakaian Laki-laki,Aktual (Raw)
2025-08-31,32.0,Aktual,Pakaian Laki-laki,Aktual (Raw)
2025-09-14,46.0,Aktual,Pakaian Laki-laki,Aktual (Raw)
2025-09-28,41.0,Aktual,Pakaian Laki-laki,Aktual (Raw)
2025-10-12,47.0,Aktual,Pakaian Laki-laki,Aktual (Raw)
2025-10-26,50.0,Aktual,Pakaian Laki-laki,Aktual (Raw)
2025-11-09,54.0,Aktual,Pakaian Laki-laki,Aktual (Raw)
2025-11-23,80.0,Aktual,Pakaian Laki-laki,Aktual (Raw)
2025-12-07,47.0,Aktual,Pakaian Laki-laki,Aktual (Raw)
2023-01-08,65.0,Aktual,Pakaian Laki-laki,Aktual (Smooth)
2023-01-22,90.5,Aktual,Pakaian Laki-laki,Aktual (Smooth)
2023-02-05,110.0,Aktual,Pakaian Laki-laki,Aktual (Smooth)
2023-02-19,100.5,Aktual,Pakaian Laki-laki,Aktual (Smooth)
2023-03-05,94.5,Aktual,Pakaian Laki-laki,Aktual (Smooth)
2023-03-19,135.5,Aktual,Pakaian Laki-laki,Aktual (Smooth)
2023-04-02,205.0,Aktual,Pakaian Laki-laki,Aktual (Smooth)
2023-04-16,396.5,Aktual,Pakaian Laki-laki,Aktual (Smooth)
2023-04-30,400.5,Aktual,Pakaian Laki-laki,Aktual (Smooth)
2023-05-14,144.0,Aktual,Pakaian Laki-laki,Aktual (Smooth)
2023-05-28,76.0,Aktual,Pakaian Laki-laki,Aktual (Smooth)
2023-06-11,67.5,Aktual,Pakaian Laki-laki,Aktual (Smooth)
2023-06-25,85.5,Aktual,Pakaian Laki-laki,Aktual (Smooth)
2023-07-09,123.5,Aktual,Pakaian Laki-laki,Aktual (Smooth)
2023-07-23,126.0,Aktual,Pakaian Laki-laki,Aktual (Smooth)
2023-08-06,103.5,Aktual,Pakaian Laki-laki,Aktual (Smooth)
2023-08-20,100.0,Aktual,Pakaian Laki-laki,Aktual (Smooth)
2023-09-03,169.5,Aktual,Pakaian Laki-laki,Aktual (Smooth)
2023-09-17,209.0,Aktual,Pakaian Laki-laki,Aktual (Smooth)
2023-10-01,154.0,Aktual,Pakaian Laki-laki,Aktual (Smooth)
2023-10-15,91.0,Aktual,Pakaian Laki-laki,Aktual (Smooth)
2023-10-29,94.5,Aktual,Pakaian Laki-laki,Aktual (Smooth)
2023-11-12,107.0,Aktual,Pakaian Laki-laki,Aktual (Smooth)
2023-11-26,166.5,Aktual,Pakaian Laki-laki,Aktual (Smooth)
2023-12-10,169.0,Aktual,Pakaian Laki-laki,Aktual (Smooth)
2023-12-24,106.0,Aktual,Pakaian Laki-laki,Aktual (Smooth)
2024-01-07,91.0,Aktual,Pakaian Laki-laki,Aktual (Smooth)
2024-01-21,60.0,Aktual,Pakaian Laki-laki,Aktual (Smooth)
2024-02-04,47.5,Aktual,Pakaian Laki-laki,Aktual (Smooth)
2024-02-18,66.0,Aktual,Pakaian Laki-laki,Aktual (Smooth)
2024-03-03,73.5,Aktual,Pakaian Laki-laki,Aktual (Smooth)
2024-03-17,165.5,Aktual,Pakaian Laki-laki,Aktual (Smooth)
2024-03-31,328.5,Aktual,Pakaian Laki-laki,Aktual (Smooth)
2024-04-14,345.0,Aktual,Pakaian Laki-laki,Aktual (Smooth)
2024-04-28,159.5,Aktual,Pakaian Laki-laki,Aktual (Smooth)
2024-05-12,39.0,Aktual,Pakaian Laki-laki,Aktual (Smooth)
2024-05-26,29.0,Aktual,Pakaian Laki-laki,Aktual (Smooth)
2024-06-09,13.0,Aktual,Pakaian Laki-laki,Aktual (Smooth)
2024-06-23,17.5,Aktual,Pakaian Laki-laki,Aktual (Smooth)
2024-07-07,47.5,Aktual,Pakaian Laki-laki,Aktual (Smooth)
2024-07-21,117.5,Aktual,Pakaian Laki-laki,Aktual (Smooth)
2024-08-04,112.5,Aktual,Pakaian Laki-laki,Aktual (Smooth)
2024-08-18,105.5,Aktual,Pakaian Laki-laki,Aktual (Smooth)
2024-09-01,113.0,Aktual,Pakaian Laki-laki,Aktual (Smooth)
2024-09-15,80.0,Aktual,Pakaian Laki-laki,Aktual (Smooth)
2024-09-29,108.0,Aktual,Pakaian Laki-laki,Aktual (Smooth)
2024-10-13,133.5,Aktual,Pakaian Laki-laki,Aktual (Smooth)
2024-10-27,113.5,Aktual,Pakaian Laki-laki,Aktual (Smooth)
2024-11-10,82.5,Aktual,Pakaian Laki-laki,Aktual (Smooth)
2024-11-24,75.5,Aktual,Pakaian Laki-laki,Aktual (Smooth)
2024-12-08,80.0,Aktual,Pakaian Laki-laki,Aktual (Smooth)
2024-12-22,66.5,Aktual,Pakaian Laki-laki,Aktual (Smooth)
2025-01-05,48.0,Aktual,Pakaian Laki-laki,Aktual (Smooth)
2025-01-19,51.5,Aktual,Pakaian Laki-laki,Aktual (Smooth)
2025-02-02,63.5,Aktual,Pakaian Laki-laki,Aktual (Smooth)
2025-02-16,53.5,Aktual,Pakaian Laki-laki,Aktual (Smooth)
2025-03-02,92.0,Aktual,Pakaian Laki-laki,Aktual (Smooth)
2025-03-16,163.5,Aktual,Pakaian Laki-laki,Aktual (Smooth)
2025-03-30,190.5,Aktual,Pakaian Laki-laki,Aktual (Smooth)
2025-04-13,103.0,Aktual,Pakaian Laki-laki,Aktual (Smooth)
2025-04-27,9.5,Aktual,Pakaian Laki-laki,Aktual (Smooth)
2025-05-11,12.5,Aktual,Pakaian Laki-laki,Aktual (Smooth)
2025-05-25,15.5,Aktual,Pakaian Laki-laki,Aktual (Smooth)
2025-06-08,17.0,Aktual,Pakaian Laki-laki,Aktual (Smooth)
2025-06-22,73.0,Aktual,Pakaian Laki-laki,Aktual (Smooth)
2025-07-06,99.0,Aktual,Pakaian Laki-laki,Aktual (Smooth)
2025-07-20,83.0,Aktual,Pakaian Laki-laki,Aktual (Smooth)
2025-08-03,79.5,Aktual,Pakaian Laki-laki,Aktual (Smooth)
2025-08-17,51.5,Aktual,Pakaian Laki-laki,Aktual (Smooth)
2025-08-31,37.5,Aktual,Pakaian Laki-laki,Aktual (Smooth)
2025-09-14,39.0,Aktual,Pakaian Laki-laki,Aktual (Smooth)
2025-09-28,43.5,Aktual,Pakaian Laki-laki,Aktual (Smooth)
2025-10-12,44.0,Aktual,Pakaian Laki-laki,Aktual (Smooth)
2025-10-26,48.5,Aktual,Pakaian Laki-laki,Aktual (Smooth)
2025-11-09,52.0,Aktual,Pakaian Laki-laki,Aktual (Smooth)
2025-11-23,67.0,Aktual,Pakaian Laki-laki,Aktual (Smooth)
2025-12-07,63.5,Aktual,Pakaian Laki-laki,Aktual (Smooth)
2025-10-12,40.98137283325195,Test,Pakaian Laki-laki,XGBoost
2025-10-26,38.12458801269531,Test,Pakaian Laki-laki,XGBoost
2025-11-09,50.729957580566406,Test,Pakaian Laki-laki,XGBoost
2025-11-23,69.26525115966797,Test,Pakaian Laki-laki,XGBoost
2025-12-07,66.9089126586914,Test,Pakaian Laki-laki,XGBoost
2025-12-21,57.17341232299805,Future,Pakaian Laki-laki,XGBoost
2026-01-04,49.054283142089844,Future,Pakaian Laki-laki,XGBoost
2026-01-18,54.44498825073242,Future,Pakaian Laki-laki,XGBoost
2026-02-01,61.50721740722656,Future,Pakaian Laki-laki,XGBoost
2025-10-12,40.34428024291992,Test,Pakaian Laki-laki,LSTM
2025-10-26,40.693153381347656,Test,Pakaian Laki-laki,LSTM
2025-11-09,42.24168395996094,Test,Pakaian Laki-laki,LSTM
2025-11-23,43.944034576416016,Test,Pakaian Laki-laki,LSTM
2025-12-07,46.85295104980469,Test,Pakaian Laki-laki,LSTM
2025-12-21,46.85295104980469,Future,Pakaian Laki-laki,LSTM
2026-01-04,48.830692291259766,Future,Pakaian Laki-laki,LSTM
2026-01-18,49.38385772705078,Future,Pakaian Laki-laki,LSTM
2026-02-01,48.274131774902344,Future,Pakaian Laki-laki,LSTM
2025-10-12,88.7781055183879,Test,Pakaian Laki-laki,SARIMA
2025-10-26,84.60660920693384,Test,Pakaian Laki-laki,SARIMA
2025-11-09,66.73655448470839,Test,Pakaian Laki-laki,SARIMA
2025-11-23,64.8098830801239,Test,Pakaian Laki-laki,SARIMA
2025-12-07,71.68675952326642,Test,Pakaian Laki-laki,SARIMA
2025-12-21,61.440869184415135,Future,Pakaian Laki-laki,SARIMA
2026-01-04,45.32912604862543,Future,Pakaian Laki-laki,SARIMA
2026-01-18,49.42510717645656,Future,Pakaian Laki-laki,SARIMA
2026-02-01,62.27165176576875,Future,Pakaian Laki-laki,SARIMA
2023-01-08,84.0,Aktual,Pakaian Perempuan,Aktual (Raw)
2023-01-22,153.0,Aktual,Pakaian Perempuan,Aktual (Raw)
2023-02-05,85.0,Aktual,Pakaian Perempuan,Aktual (Raw)
2023-02-19,65.0,Aktual,Pakaian Perempuan,Aktual (Raw)
2023-03-05,125.0,Aktual,Pakaian Perempuan,Aktual (Raw)
2023-03-19,150.0,Aktual,Pakaian Perempuan,Aktual (Raw)
2023-04-02,200.0,Aktual,Pakaian Perempuan,Aktual (Raw)
2023-04-16,344.0,Aktual,Pakaian Perempuan,Aktual (Raw)
2023-04-30,87.0,Aktual,Pakaian Perempuan,Aktual (Raw)
2023-05-14,103.0,Aktual,Pakaian Perempuan,Aktual (Raw)
2023-05-28,190.0,Aktual,Pakaian Perempuan,Aktual (Raw)
2023-06-11,155.0,Aktual,Pakaian Perempuan,Aktual (Raw)
2023-06-25,117.0,Aktual,Pakaian Perempuan,Aktual (Raw)
2023-07-09,134.0,Aktual,Pakaian Perempuan,Aktual (Raw)
2023-07-23,516.0,Aktual,Pakaian Perempuan,Aktual (Raw)
2023-08-06,258.0,Aktual,Pakaian Perempuan,Aktual (Raw)
2023-08-20,211.0,Aktual,Pakaian Perempuan,Aktual (Raw)
2023-09-03,209.0,Aktual,Pakaian Perempuan,Aktual (Raw)
2023-09-17,362.0,Aktual,Pakaian Perempuan,Aktual (Raw)
2023-10-01,97.0,Aktual,Pakaian Perempuan,Aktual (Raw)
2023-10-15,143.0,Aktual,Pakaian Perempuan,Aktual (Raw)
2023-10-29,140.0,Aktual,Pakaian Perempuan,Aktual (Raw)
2023-11-12,184.0,Aktual,Pakaian Perempuan,Aktual (Raw)
2023-11-26,170.0,Aktual,Pakaian Perempuan,Aktual (Raw)
2023-12-10,131.0,Aktual,Pakaian Perempuan,Aktual (Raw)
2023-12-24,91.0,Aktual,Pakaian Perempuan,Aktual (Raw)
2024-01-07,81.0,Aktual,Pakaian Perempuan,Aktual (Raw)
2024-01-21,116.0,Aktual,Pakaian Perempuan,Aktual (Raw)
2024-02-04,172.0,Aktual,Pakaian Perempuan,Aktual (Raw)
2024-02-18,66.0,Aktual,Pakaian Perempuan,Aktual (Raw)
2024-03-03,68.0,Aktual,Pakaian Perempuan,Aktual (Raw)
2024-03-17,223.0,Aktual,Pakaian Perempuan,Aktual (Raw)
2024-03-31,299.0,Aktual,Pakaian Perempuan,Aktual (Raw)
2024-04-14,275.0,Aktual,Pakaian Perempuan,Aktual (Raw)
2024-04-28,44.0,Aktual,Pakaian Perempuan,Aktual (Raw)
2024-05-12,33.0,Aktual,Pakaian Perempuan,Aktual (Raw)
2024-05-26,149.0,Aktual,Pakaian Perempuan,Aktual (Raw)
2024-06-09,73.0,Aktual,Pakaian Perempuan,Aktual (Raw)
2024-06-23,151.0,Aktual,Pakaian Perempuan,Aktual (Raw)
2024-07-07,140.0,Aktual,Pakaian Perempuan,Aktual (Raw)
2024-07-21,93.0,Aktual,Pakaian Perempuan,Aktual (Raw)
2024-08-04,98.0,Aktual,Pakaian Perempuan,Aktual (Raw)
2024-08-18,142.0,Aktual,Pakaian Perempuan,Aktual (Raw)
2024-09-01,104.0,Aktual,Pakaian Perempuan,Aktual (Raw)
2024-09-15,93.0,Aktual,Pakaian Perempuan,Aktual (Raw)
2024-09-29,77.0,Aktual,Pakaian Perempuan,Aktual (Raw)
2024-10-13,114.0,Aktual,Pakaian Perempuan,Aktual (Raw)
2024-10-27,78.0,Aktual,Pakaian Perempuan,Aktual (Raw)
2024-11-10,111.0,Aktual,Pakaian Perempuan,Aktual (Raw)
2024-11-24,112.0,Aktual,Pakaian Perempuan,Aktual (Raw)
2024-12-08,58.0,Aktual,Pakaian Perempuan,Aktual (Raw)
2024-12-22,60.0,Aktual,Pakaian Perempuan,Aktual (Raw)
2025-01-05,75.0,Aktual,Pakaian Perempuan,Aktual (Raw)
2025-01-19,77.0,Aktual,Pakaian Perempuan,Aktual (Raw)
2025-02-02,30.0,Aktual,Pakaian Perempuan,Aktual (Raw)
2025-02-16,109.0,Aktual,Pakaian Perempuan,Aktual (Raw)
2025-03-02,161.0,Aktual,Pakaian Perempuan,Aktual (Raw)
2025-03-16,174.0,Aktual,Pakaian Perempuan,Aktual (Raw)
2025-03-30,138.0,Aktual,Pakaian Perempuan,Aktual (Raw)
2025-04-13,19.0,Aktual,Pakaian Perempuan,Aktual (Raw)
2025-04-27,60.0,Aktual,Pakaian Perempuan,Aktual (Raw)
2025-05-11,32.0,Aktual,Pakaian Perempuan,Aktual (Raw)
2025-05-25,31.0,Aktual,Pakaian Perempuan,Aktual (Raw)
2025-06-08,97.0,Aktual,Pakaian Perempuan,Aktual (Raw)
2025-06-22,208.0,Aktual,Pakaian Perempuan,Aktual (Raw)
2025-07-06,167.0,Aktual,Pakaian Perempuan,Aktual (Raw)
2025-07-20,63.0,Aktual,Pakaian Perempuan,Aktual (Raw)
2025-08-03,63.0,Aktual,Pakaian Perempuan,Aktual (Raw)
2025-08-17,63.0,Aktual,Pakaian Perempuan,Aktual (Raw)
2025-08-31,78.0,Aktual,Pakaian Perempuan,Aktual (Raw)
2025-09-14,87.0,Aktual,Pakaian Perempuan,Aktual (Raw)
2025-09-28,107.0,Aktual,Pakaian Perempuan,Aktual (Raw)
2025-10-12,54.0,Aktual,Pakaian Perempuan,Aktual (Raw)
2025-10-26,69.0,Aktual,Pakaian Perempuan,Aktual (Raw)
2025-11-09,66.0,Aktual,Pakaian Perempuan,Aktual (Raw)
2025-11-23,56.0,Aktual,Pakaian Perempuan,Aktual (Raw)
2025-12-07,67.0,Aktual,Pakaian Perempuan,Aktual (Raw)
2023-01-08,84.0,Aktual,Pakaian Perempuan,Aktual (Smooth)
2023-01-22,118.5,Aktual,Pakaian Perempuan,Aktual (Smooth)
2023-02-05,119.0,Aktual,Pakaian Perempuan,Aktual (Smooth)
2023-02-19,75.0,Aktual,Pakaian Perempuan,Aktual (Smooth)
2023-03-05,95.0,Aktual,Pakaian Perempuan,Aktual (Smooth)
2023-03-19,137.5,Aktual,Pakaian Perempuan,Aktual (Smooth)
2023-04-02,175.0,Aktual,Pakaian Perempuan,Aktual (Smooth)
2023-04-16,272.0,Aktual,Pakaian Perempuan,Aktual (Smooth)
2023-04-30,215.5,Aktual,Pakaian Perempuan,Aktual (Smooth)
2023-05-14,95.0,Aktual,Pakaian Perempuan,Aktual (Smooth)
2023-05-28,146.5,Aktual,Pakaian Perempuan,Aktual (Smooth)
2023-06-11,172.5,Aktual,Pakaian Perempuan,Aktual (Smooth)
2023-06-25,136.0,Aktual,Pakaian Perempuan,Aktual (Smooth)
2023-07-09,125.5,Aktual,Pakaian Perempuan,Aktual (Smooth)
2023-07-23,325.0,Aktual,Pakaian Perempuan,Aktual (Smooth)
2023-08-06,387.0,Aktual,Pakaian Perempuan,Aktual (Smooth)
2023-08-20,234.5,Aktual,Pakaian Perempuan,Aktual (Smooth)
2023-09-03,210.0,Aktual,Pakaian Perempuan,Aktual (Smooth)
2023-09-17,285.5,Aktual,Pakaian Perempuan,Aktual (Smooth)
2023-10-01,229.5,Aktual,Pakaian Perempuan,Aktual (Smooth)
2023-10-15,120.0,Aktual,Pakaian Perempuan,Aktual (Smooth)
2023-10-29,141.5,Aktual,Pakaian Perempuan,Aktual (Smooth)
2023-11-12,162.0,Aktual,Pakaian Perempuan,Aktual (Smooth)
2023-11-26,177.0,Aktual,Pakaian Perempuan,Aktual (Smooth)
2023-12-10,150.5,Aktual,Pakaian Perempuan,Aktual (Smooth)
2023-12-24,111.0,Aktual,Pakaian Perempuan,Aktual (Smooth)
2024-01-07,86.0,Aktual,Pakaian Perempuan,Aktual (Smooth)
2024-01-21,98.5,Aktual,Pakaian Perempuan,Aktual (Smooth)
2024-02-04,144.0,Aktual,Pakaian Perempuan,Aktual (Smooth)
2024-02-18,119.0,Aktual,Pakaian Perempuan,Aktual (Smooth)
2024-03-03,67.0,Aktual,Pakaian Perempuan,Aktual (Smooth)
2024-03-17,145.5,Aktual,Pakaian Perempuan,Aktual (Smooth)
2024-03-31,261.0,Aktual,Pakaian Perempuan,Aktual (Smooth)
2024-04-14,287.0,Aktual,Pakaian Perempuan,Aktual (Smooth)
2024-04-28,159.5,Aktual,Pakaian Perempuan,Aktual (Smooth)
2024-05-12,38.5,Aktual,Pakaian Perempuan,Aktual (Smooth)
2024-05-26,91.0,Aktual,Pakaian Perempuan,Aktual (Smooth)
2024-06-09,111.0,Aktual,Pakaian Perempuan,Aktual (Smooth)
2024-06-23,112.0,Aktual,Pakaian Perempuan,Aktual (Smooth)
2024-07-07,145.5,Aktual,Pakaian Perempuan,Aktual (Smooth)
2024-07-21,116.5,Aktual,Pakaian Perempuan,Aktual (Smooth)
2024-08-04,95.5,Aktual,Pakaian Perempuan,Aktual (Smooth)
2024-08-18,120.0,Aktual,Pakaian Perempuan,Aktual (Smooth)
2024-09-01,123.0,Aktual,Pakaian Perempuan,Aktual (Smooth)
2024-09-15,98.5,Aktual,Pakaian Perempuan,Aktual (Smooth)
2024-09-29,85.0,Aktual,Pakaian Perempuan,Aktual (Smooth)
2024-10-13,95.5,Aktual,Pakaian Perempuan,Aktual (Smooth)
2024-10-27,96.0,Aktual,Pakaian Perempuan,Aktual (Smooth)
2024-11-10,94.5,Aktual,Pakaian Perempuan,Aktual (Smooth)
2024-11-24,111.5,Aktual,Pakaian Perempuan,Aktual (Smooth)
2024-12-08,85.0,Aktual,Pakaian Perempuan,Aktual (Smooth)
2024-12-22,59.0,Aktual,Pakaian Perempuan,Aktual (Smooth)
2025-01-05,67.5,Aktual,Pakaian Perempuan,Aktual (Smooth)
2025-01-19,76.0,Aktual,Pakaian Perempuan,Aktual (Smooth)
2025-02-02,53.5,Aktual,Pakaian Perempuan,Aktual (Smooth)
2025-02-16,69.5,Aktual,Pakaian Perempuan,Aktual (Smooth)
2025-03-02,135.0,Aktual,Pakaian Perempuan,Aktual (Smooth)
2025-03-16,167.5,Aktual,Pakaian Perempuan,Aktual (Smooth)
2025-03-30,156.0,Aktual,Pakaian Perempuan,Aktual (Smooth)
2025-04-13,78.5,Aktual,Pakaian Perempuan,Aktual (Smooth)
2025-04-27,39.5,Aktual,Pakaian Perempuan,Aktual (Smooth)
2025-05-11,46.0,Aktual,Pakaian Perempuan,Aktual (Smooth)
2025-05-25,31.5,Aktual,Pakaian Perempuan,Aktual (Smooth)
2025-06-08,64.0,Aktual,Pakaian Perempuan,Aktual (Smooth)
2025-06-22,152.5,Aktual,Pakaian Perempuan,Aktual (Smooth)
2025-07-06,187.5,Aktual,Pakaian Perempuan,Aktual (Smooth)
2025-07-20,115.0,Aktual,Pakaian Perempuan,Aktual (Smooth)
2025-08-03,63.0,Aktual,Pakaian Perempuan,Aktual (Smooth)
2025-08-17,63.0,Aktual,Pakaian Perempuan,Aktual (Smooth)
2025-08-31,70.5,Aktual,Pakaian Perempuan,Aktual (Smooth)
2025-09-14,82.5,Aktual,Pakaian Perempuan,Aktual (Smooth)
2025-09-28,97.0,Aktual,Pakaian Perempuan,Aktual (Smooth)
2025-10-12,80.5,Aktual,Pakaian Perempuan,Aktual (Smooth)
2025-10-26,61.5,Aktual,Pakaian Perempuan,Aktual (Smooth)
2025-11-09,67.5,Aktual,Pakaian Perempuan,Aktual (Smooth)
2025-11-23,61.0,Aktual,Pakaian Perempuan,Aktual (Smooth)
2025-12-07,61.5,Aktual,Pakaian Perempuan,Aktual (Smooth)
2025-09-14,78.69252014160156,Test,Pakaian Perempuan,XGBoost
2025-09-28,76.94807434082031,Test,Pakaian Perempuan,XGBoost
2025-10-12,97.14324951171875,Test,Pakaian Perempuan,XGBoost
2025-10-26,81.62299346923828,Test,Pakaian Perempuan,XGBoost
2025-11-09,74.41521453857422,Test,Pakaian Perempuan,XGBoost
2025-11-23,76.57494354248047,Test,Pakaian Perempuan,XGBoost
2025-12-07,70.11762237548828,Test,Pakaian Perempuan,XGBoost
2025-12-21,66.03705596923828,Future,Pakaian Perempuan,XGBoost
2026-01-04,72.12386322021484,Future,Pakaian Perempuan,XGBoost
2026-01-18,77.4960708618164,Future,Pakaian Perempuan,XGBoost
2026-02-01,88.72777557373047,Future,Pakaian Perempuan,XGBoost
2025-09-14,93.95828247070312,Test,Pakaian Perempuan,LSTM
2025-09-28,92.9552001953125,Test,Pakaian Perempuan,LSTM
2025-10-12,95.79692077636719,Test,Pakaian Perempuan,LSTM
2025-10-26,91.3175048828125,Test,Pakaian Perempuan,LSTM
2025-11-09,84.03765869140625,Test,Pakaian Perempuan,LSTM
2025-11-23,81.75102233886719,Test,Pakaian Perempuan,LSTM
2025-12-07,76.57024383544922,Test,Pakaian Perempuan,LSTM
2025-12-21,76.57024383544922,Future,Pakaian Perempuan,LSTM
2026-01-04,79.12457275390625,Future,Pakaian Perempuan,LSTM
2026-01-18,80.45269775390625,Future,Pakaian Perempuan,LSTM
2026-02-01,82.61518859863281,Future,Pakaian Perempuan,LSTM
2025-09-14,81.07637351483542,Test,Pakaian Perempuan,SARIMA
2025-09-28,74.6779432835426,Test,Pakaian Perempuan,SARIMA
2025-10-12,77.25444708745185,Test,Pakaian Perempuan,SARIMA
2025-10-26,77.22316448037819,Test,Pakaian Perempuan,SARIMA
2025-11-09,76.98168426110325,Test,Pakaian Perempuan,SARIMA
2025-11-23,79.77773364235776,Test,Pakaian Perempuan,SARIMA
2025-12-07,75.23923529631351,Test,Pakaian Perempuan,SARIMA
2025-12-21,69.55292829801691,Future,Pakaian Perempuan,SARIMA
2026-01-04,71.59452274353796,Future,Pakaian Perempuan,SARIMA
2026-01-18,73.44602961905737,Future,Pakaian Perempuan,SARIMA
2026-02-01,84.51783934723818,Future,Pakaian Perempuan,SARIMA
